,Feature,F-Score,P-Value
0,person_income,851.5095095071672,1.796653351919677e-184
1,loan_amnt,370.2364514604204,5.52648014103852e-82
2,loan_int_rate,3709.5789563085937,0.0
3,loan_percent_income,4784.921648394079,0.0
4,cb_person_cred_hist_length,9.612501409237046,0.0019344605817227074
